<application>
  <component name="DimensionService">
    <location key="SettingsEditor.0.0.1366.768" x="117" y="0" />
    <location key="FileChooserDialogImpl.0.0.1366.768" x="346" y="89" />
    <location key="#com.intellij.ide.actions.ChooseComponentsToExportDialog.0.0.1366.768" x="415" y="195" />
    <location key="#Browse_Repositories.0.0.1366.768" x="266" y="0" />
    <location key="#Plugins.0.0.1366.768" x="278" y="0" />
    <location key="NewModule_or_Project.wizard.0.0.1366.768" x="324" y="0" />
    <location key="WELCOME_SCREEN.0.0.1366.768" x="685" y="244" />
    <location key="com.intellij.ide.util.TipDialog.0.0.1366.768" x="390" y="174" />
    <location key="ProcessPopupWindow.0.0.1366.768" x="13" y="247" />
    <location key="#Jetty_Server.0.0.1366.768" x="426" y="93" />
    <location key="#com.intellij.execution.impl.EditConfigurationsDialog.0.0.1366.768" x="192" y="0" />
    <location key="com.intellij.openapi.vcs.update.UpdateOrStatusOptionsDialogupdate.0.0.1366.768" x="449" y="188" />
    <location key="CommitChangelistDialog2.0.0.1366.768" x="135" y="0" />
    <location key="find.popup.0.0.1366.768" x="373" y="74" />
    <location key="#com.intellij.javaee.module.view.common.J2EE.J2EEDeploymentDescriptorLocationPanel.changeDDPath.0.0.1366.768" x="462" y="266" />
    <location key="#com.intellij.javaee.module.view.web.EditWebRootDialog.0.0.1366.768" x="424" y="268" />
    <location key="VCS.ChangeListViewerDialog.0.0.1366.768" x="374" y="131" />
    <location key="RollbackChangesDialog.0.0.1366.768" x="251" y="60" />
    <location key="DiffContextDialog.0.0.1366.768" x="102" y="53" />
    <location key="IdeErrosDialog.0.0.1366.768" x="306" y="0" />
    <location key="#com.intellij.codeInsight.editorActions.RestoreReferencesDialog.0.0.1366.768" x="413" y="112" />
    <location key="#com.intellij.ide.util.MemberChooser.0.0.1366.768" x="488" y="65" />
    <location key="#com.intellij.refactoring.move.MoveHandler.SelectRefactoringDialog.0.0.1366.768" x="184" y="273" />
    <location key="#xdebugger.evaluate.0.0.1366.768" x="366" y="160" />
    <location key="#com.intellij.openapi.roots.ui.configuration.libraryEditor.LibraryEditorDialog.0.0.1366.768" x="459" y="67" />
    <location key="#com.intellij.util.ui.classpath.ChooseLibrariesDialog.0.0.1366.768" x="399" y="112" />
    <location key="#Project_Structure.0.0.1366.768" x="8" y="0" />
    <location key="#BuildArtifactsBeforeRunChooser.0.0.1366.768" x="368" y="198" />
    <location key="#com.intellij.j2ee.appServerIntegrations.ApplicationServersConfigurable.0.0.1366.768" x="267" y="119" />
    <location key="#com.intellij.fileTypes.FileTypeChooser.0.0.1366.768" x="406" y="152" />
    <location key="#Enter_your_license_key.0.0.1366.768" x="592" y="297" />
    <size key="#com.intellij.ide.actions.ChooseComponentsToExportDialog.0.0.1366.768" width="541" height="504" />
    <size key="ProcessPopupWindow.0.0.1366.768" width="1259" height="197" />
    <size key="SettingsEditor.0.0.1366.768" width="1143" height="728" />
    <size key="#com.intellij.execution.impl.EditConfigurationsDialog.0.0.1366.768" width="840" height="721" />
    <size key="GridCell.Tab.0.left.0.0.1366.768" width="1322" height="372" />
    <size key="GridCell.Tab.0.center.0.0.1366.768" width="1322" height="372" />
    <size key="GridCell.Tab.0.right.0.0.1366.768" width="1322" height="372" />
    <size key="GridCell.Tab.0.bottom.0.0.1366.768" width="1322" height="372" />
    <size key="GridCell.Tab.1.left.0.0.1366.768" width="1322" height="265" />
    <size key="GridCell.Tab.1.center.0.0.1366.768" width="1322" height="265" />
    <size key="GridCell.Tab.1.right.0.0.1366.768" width="1322" height="265" />
    <size key="GridCell.Tab.1.bottom.0.0.1366.768" width="1322" height="265" />
    <size key="find.popup.0.0.1366.768" width="844" height="654" />
    <size key="NewModule_or_Project.wizard.0.0.1366.768" width="772" height="534" />
    <size key="#xdebugger.evaluate.0.0.1366.768" width="889" height="491" />
    <size key="#com.intellij.openapi.roots.ui.configuration.libraryEditor.LibraryEditorDialog.0.0.1366.768" width="540" height="594" />
    <size key="DebuggerActiveHint.0.0.1366.768" width="700" height="444" />
    <size key="#Project_Structure.0.0.1366.768" width="1233" height="728" />
    <size key="javadoc.popup.0.0.1366.768" width="446" height="174" />
    <size key="#Enter_your_license_key.0.0.1366.768" width="533" height="133" />
  </component>
</application>