<application>
  <component name="AppserversManager">
    <ServerDK NAME="Jetty 6.1.9">
      <option name="SOURCE_INTEGRATION_NAME" value="Jetty Server" />
      <DATA>
        <state>
          <option name="home" value="D:\jettys" />
        </state>
      </DATA>
    </ServerDK>
    <LibraryTable>
      <library name="Jetty 6.1.9">
        <CLASSES>
          <root url="jar://D:/jettys/lib/jsp-2.0/jsp-api-2.0.jar!/" />
          <root url="jar://D:/jettys/lib/servlet-api-2.5-6.1.9.jar!/" />
        </CLASSES>
        <JAVADOC />
        <SOURCES />
      </library>
    </LibraryTable>
  </component>
</application>