<application>
  <component name="PropertiesComponent">
    <property name="Default.savedEditorTheme" value="_@user_Default" />
    <property name="installed.kotlin.plugin.version" value="1.1.2-release-IJ2017.1-1" />
    <property name="ignore.outdated.jvm.version.message2" value="true" />
    <property name="file.chooser.recent.files" value="D:/迅雷下载/IDEA/插件/IntelliJ-mybatis-plugin.jar&#10;D:/Workspaces/B2C/FrontWeb/MerchantWeb/src/main/webapp/WEB-INF/web.xml&#10;D:/Workspaces/B2C/BackWeb/CenterManage/src/main/webapp&#10;D:/Workspaces/B2C/BackWeb/CenterManage/src/main/webapp/WEB-INF/web.xml&#10;D:/Workspaces/B2C/build.gradle&#10;D:/jettys&#10;D:/Program Files/java/jdk1.8.0_25&#10;D:/gradle/gradle-2.9&#10;D:/gradleHome&#10;D:/gradle&#10;D:/Workspaces/B2C&#10;D:/迅雷下载/IDEA/插件/settings-2017-05-22.jar" />
    <property name="plugins.preselection.path" value="D:/迅雷下载/IDEA/插件" />
    <property name="last.imported.location" value="D:/Workspaces/B2C/build.gradle" />
    <property name="create.project.preferred.importer" value="Gradle" />
    <property name="last.used.gradle.home" value="D:/gradle/gradle-2.9" />
    <property name="DeploymentNotificationsComponent.WarnDisplayed.Java7&amp;Windows7FTPIssue" value="false" />
    <property name="lastTip" value="1" />
    <property name="file.gist.reindex.count" value="5620" />
    <property name="ExpandBeforeRunStepsPanel" value="false" />
    <property name="LayoutCode.optimizeImports" value="false" />
    <property name="LayoutCode.rearrangeEntriesJavaScript 1.5" value="false" />
    <property name="LayoutCode.processChangedText" value="false" />
    <property name="LayoutCode.rearrangeEntriesJSP" value="false" />
    <property name="LayoutCode.rearrangeEntriesJava" value="false" />
    <property name="CommittedChanges.SplitterProportions.0" value="700" />
    <property name="CommittedChanges.SplitterProportions.1" value="500" />
    <property name="CommitChangeListDialog.SPLITTER_PROPORTION_2" value="0.7896175" />
    <property name="CommitChangeListDialog.DETAILS_SPLITTER_PROPORTION_2" value="0.7792642" />
    <property name="com.intellij.openapi.roots.ui.configuration.TabbedModuleEditor.selectedEditor" value="Sources" />
    <property name="gradle.runner.text.console_str" value="true" />
    <property name="gradle.runner.text.console" value="true" />
    <property name="LayoutCode.rearrangeEntriesXML" value="false" />
    <property name="com.intellij.diagnostic.IdeErrorsDialogactiveTab" value="-1" />
    <property name="MemberChooser.showClasses" value="true" />
    <property name="MemberChooser.copyJavadoc" value="false" />
    <property name="Copy.OpenInEditor" value="false" />
    <property name="settings.code.style.selected.tab.CSS" value="Other" />
    <property name="LayoutCode.rearrangeEntriesGroovy" value="false" />
    <property name="LayoutCode.rearrangeEntries&lt;Generic SQL&gt;" value="false" />
    <property name="selected.color.option.type" value="DEFAULT_LINE_COMMENT" />
    <property name="ColorChooser.RecentColors" value="23-128-54-255" />
    <property name="LayoutCode.rearrangeEntriesJSON" value="false" />
    <property name="#xdebugger.evaluate.splitter" value="0.2997416" />
    <property name="ProjectStructure.SecondLevelElements" value="0.3559499" />
    <property name="fileTypeChangedCounter" value="1" />
    <property name="PLUGIN_FILTER" value="my&#10;mybatis tools" />
  </component>
</application>