<application>
  <component name="RecentProjectsManager">
    <option name="recentPaths">
      <list>
        <option value="D:\Workspaces\B2C" />
      </list>
    </option>
    <option name="openPaths">
      <list>
        <option value="D:\Workspaces\B2C" />
      </list>
    </option>
    <option name="lastPath" value="D:\Workspaces\B2C" />
    <option name="additionalInfo">
      <map>
        <entry key="D:\Workspaces\B2C">
          <value>
            <RecentProjectMetaInfo>
              <option name="build" value="IU-171.4694.23" />
              <option name="productionCode" value="IU" />
              <option name="binFolder" value="D:\Program Files\ideaIU-2017.1.4\bin" />
              <option name="projectOpenTimestamp" value="1498281896450" />
              <option name="buildTimestamp" value="1496751201400" />
            </RecentProjectMetaInfo>
          </value>
        </entry>
      </map>
    </option>
    <option name="lastProjectLocation" value="D:/Workspaces" />
  </component>
</application>