<application>
  <component name="UsageTrigger">
    <counts>
      <entry feature="CreateFile.CreateFileAction" count="2" />
      <entry feature="OpenInBrowser.Chrome" count="1" />
      <entry feature="StripeButton[Version_Control].shown" count="2" />
      <entry feature="debugger.reload.classes" count="12" />
      <entry feature="execute.BatchConfigurationType.Run" count="8" />
      <entry feature="execute.JettyConfiguration.Coverage" count="1" />
      <entry feature="execute.JettyConfiguration.Debug" count="73" />
      <entry feature="execute.JettyConfiguration.Run" count="46" />
      <entry feature="ide.settings.Appearance" count="7" />
      <entry feature="ide.settings.Colors_&amp;_Fonts" count="1" />
      <entry feature="ide.settings.Enter_your_license_key" count="1" />
      <entry feature="ide.settings.General" count="1" />
      <entry feature="ide.settings.Jetty_Server" count="1" />
      <entry feature="ide.settings.Keymap" count="1" />
      <entry feature="ide.settings.Language_Defaults" count="2" />
      <entry feature="ide.settings.Plugins" count="2" />
      <entry feature="ide.settings.Project_Structure" count="4" />
      <entry feature="ide.settings.TypeScript" count="1" />
      <entry feature="ide.settings.XML" count="1" />
      <entry feature="idea.caches.invalidated" count="1" />
      <entry feature="ideaapp.started" count="17" />
      <entry feature="terminal.win" count="3" />
      <entry feature="uml.ShowDiagram.JAVA" count="1" />
      <entry feature="uml.ShowDiagram.JAVA.popup" count="1" />
      <entry feature="welcome.screen.WelcomeScreen.Configure" count="5" />
      <entry feature="welcome.screen.WelcomeScreen.Configure.Import" count="1" />
      <entry feature="welcome.screen.WelcomeScreen.ImportProject" count="2" />
      <entry feature="welcome.screen.WelcomeScreen.Plugins" count="1" />
      <entry feature="welcome.screen.WelcomeScreen.Settings" count="1" />
    </counts>
  </component>
</application>