<application>
  <component name="FileBasedIndex">
    <option name="registeredIndices">
      <list>
        <option value="java.module.name" />
        <option value="java.class.fqn" />
        <option value="java.class.shortname" />
        <option value="java.method.parameter.types" />
        <option value="java.anonymous.baseref" />
        <option value="jvm.static.member.type" />
        <option value="jvm.static.member.name" />
        <option value="java.method.name" />
        <option value="java.field.name" />
        <option value="java.class.extlist" />
        <option value="java.annotations" />
        <option value="Stylus.mixins" />
        <option value="Stylus.variables" />
        <option value="Scss.mixin" />
        <option value="Scss.function" />
        <option value="Scss.placeholder.selector" />
        <option value="Scss.variable" />
        <option value="Less.variables" />
        <option value="Less.mixins" />
        <option value="org.jetbrains.kotlin.idea.stubindex.KotlinOverridableInternalMembersShortNameIndex" />
        <option value="org.jetbrains.kotlin.idea.stubindex.KotlinTypeAliasByExpansionShortNameIndex" />
        <option value="org.jetbrains.kotlin.idea.stubindex.KotlinScriptFqnIndex" />
        <option value="org.jetbrains.kotlin.idea.stubindex.KotlinMultifileClassPartIndex" />
        <option value="org.jetbrains.kotlin.idea.stubindex.KotlinFileFacadeShortNameIndex" />
        <option value="org.jetbrains.kotlin.idea.stubindex.KotlinFileFacadeClassByPackageIndex" />
        <option value="org.jetbrains.kotlin.idea.stubindex.KotlinFilePartClassIndex" />
        <option value="org.jetbrains.kotlin.idea.stubindex.KotlinFileFacadeFqNameIndex" />
        <option value="org.jetbrains.kotlin.idea.stubindex.KotlinProbablyNothingPropertyShortNameIndex" />
        <option value="org.jetbrains.kotlin.idea.stubindex.KotlinProbablyNothingFunctionShortNameIndex" />
        <option value="org.jetbrains.kotlin.idea.stubindex.KotlinAnnotationsIndex" />
        <option value="org.jetbrains.kotlin.idea.stubindex.KotlinTopLevelExtensionsByReceiverTypeIndex" />
        <option value="org.jetbrains.kotlin.idea.stubindex.KotlinTopLevelTypeAliasFqNameIndex" />
        <option value="org.jetbrains.kotlin.idea.stubindex.KotlinTopLevelPropertyFqnNameIndex" />
        <option value="org.jetbrains.kotlin.idea.stubindex.KotlinTopLevelFunctionFqnNameIndex" />
        <option value="org.jetbrains.kotlin.idea.stubindex.KotlinSuperClassIndex" />
        <option value="org.jetbrains.kotlin.idea.stubindex.KotlinTypeAliasShortNameIndex" />
        <option value="org.jetbrains.kotlin.idea.stubindex.KotlinFunctionShortNameIndex" />
        <option value="org.jetbrains.kotlin.idea.stubindex.KotlinPropertyShortNameIndex" />
        <option value="org.jetbrains.kotlin.idea.stubindex.KotlinFullClassNameIndex" />
        <option value="org.jetbrains.kotlin.idea.stubindex.KotlinClassShortNameIndex" />
        <option value="org.jetbrains.kotlin.idea.stubindex.KotlinTopLevelTypeAliasByPackageIndex" />
        <option value="org.jetbrains.kotlin.idea.stubindex.KotlinTopLevelPropertyByPackageIndex" />
        <option value="org.jetbrains.kotlin.idea.stubindex.KotlinTopLevelFunctionByPackageIndex" />
        <option value="org.jetbrains.kotlin.idea.stubindex.KotlinTopLevelClassByPackageIndex" />
        <option value="org.jetbrains.kotlin.idea.stubindex.KotlinExactPackagesIndex" />
        <option value="aj.class.short.name" />
        <option value="aj.itd.class" />
        <option value="aj.itd.method" />
        <option value="aj.itd.field" />
        <option value="gr.anonymous.class" />
        <option value="gr.class.super" />
        <option value="gr.script.class" />
        <option value="gr.annot.members" />
        <option value="gr.annot.method.name" />
        <option value="gr.method.name" />
        <option value="gr.field.name" />
        <option value="gr.script.fqn" />
        <option value="gr.class.fqn" />
        <option value="cfml.interface.shortName" />
        <option value="cfml.inheritors.shortName" />
        <option value="cfml.component.shortName" />
        <option value="sql.names" />
        <option value="sql.column.name" />
        <option value="sql.table.shortName" />
        <option value="js.nonglobal.symbol.index" />
        <option value="js.exported.index" />
        <option value="js.global.symbol.index" />
        <option value="amd.requirePaths.index" />
        <option value="amd.baseUrl.index" />
        <option value="js.symbol.qualified.names.index" />
        <option value="JS.subclass.stub.index" />
        <option value="js.namespace.including.local.members.index" />
        <option value="js.namespace.index" />
        <option value="js.class.index2" />
        <option value="JS.base.types.index" />
        <option value="js.generics.index" />
        <option value="js.typedef.index2" />
        <option value="js.symbol.index2" />
        <option value="JS.custom.stub.index" />
        <option value="JS.class.implements" />
        <option value="JS.class.super" />
        <option value="ts.external.module.index" />
        <option value="JS.global.qualified.elements" />
        <option value="js.element.qualifiedName" />
        <option value="js.qualified.shortName" />
        <option value="properties.index" />
        <option value="Css.custom.mixin" />
        <option value="Css.custom.property" />
        <option value="Css.attr" />
        <option value="Css.id" />
        <option value="Css.class" />
        <option value="dom.elementClass" />
        <option value="dom.namespaceKey" />
      </list>
    </option>
  </component>
</application>