<application>
  <component name="WindowStateApplicationService">
    <state x="102" y="53" width="1092" height="578" key="DiffContextDialog" />
    <state x="102" y="53" width="1092" height="578" key="DiffContextDialog/0.0.1366.768" />
    <state x="102" y="53" width="1092" height="578" key="DiffContextDialog/0.0.1366.768@0.0.1366.768" />
    <state x="23" y="15" width="1338" height="668" key="dock-window-1" />
    <state x="23" y="15" width="1338" height="668" key="dock-window-1/0.0.1366.768" />
    <state x="23" y="15" width="1338" height="668" key="dock-window-1/0.0.1366.768@0.0.1366.768" />
  </component>
</application>